text,link,published,category,source
How To Start an Ecommerce Business in 2026 - Shopify,https://news.google.com/rss/articles/CBMibEFVX3lxTE9WQkZZOXZ3Y1AwNy1WOE9fYWtlZHN4ZVhkOHVhOThXM1BmM2FTdC1nckxsRDRIQi13SWJzMkRyZEk0eklpRWE0bmx6aU43bEJaaTFaT3d6Q3BrQlpsbVppNU1JcWN5cjFpNTNuQw?oc=5,"Tue, 02 Dec 2025 08:00:00 GMT",ecommerce_news,google_news_rss
WPP Retains Reckitt India Media Business With Added E-Commerce Scope - Branding in Asia,https://news.google.com/rss/articles/CBMiogFBVV95cUxQcWpmMHBIZFRNNXhERV9nMXl3S0NTcDZJYU0zQ2EzbWJiLXJzMEFRY3hTYjc1QUQyQ1cyd3RxNVhzMVpWTnBZT2hvNXBGeVBmR0RNYmFTdTZ4NWtBRWxqMm5EdEFvQzUzN0R5d1I0QlZNSEI4a3hoM0c0S2xRN2Y2RGM2U01TUUtSbjNqUU5yYVpIazU5cVZRdmdraFJGTGdvRFE?oc=5,"Thu, 08 Jan 2026 04:14:36 GMT",ecommerce_news,google_news_rss
India's Space Startups Hampered by E-commerce Import Tax Snags - Whalesbook,https://news.google.com/rss/articles/CBMiywFBVV95cUxQX29SWjc3aEI5eHdfY3lRWnppaE5mazRQeE93MXE0Q2xZdTBfTzNRRTJCNmxHc0lNZ2FibTVLMXFvejhMRGY0aWdLMHQ4VUFscnZDTTk4LTV4REZ3dlBkdDJ2VXhya1dXczg1VHFuX2FJSldCQzBMYzNlQU5BaWVUSXhtQ0lldE14QmJaVXBINy1zVEZMbWRGYm9qc2pmY05feHg1WGQ3VlRVbDlYS08wWmc3ZEdHSXJmRkQxMTVvbzROYy12X09hN1NIcw?oc=5,"Thu, 08 Jan 2026 07:07:26 GMT",ecommerce_news,google_news_rss
Ecommerce Apps in 2026: Redefining the Future of Online Shopping - vocal.media,https://news.google.com/rss/articles/CBMijwFBVV95cUxNZ0pmSkMtUlRKblpRTHp1ZUM5cVRTYjJZOEZBdUo1RGRIb0ZRTmFpVUxzU09nLW9LOFdyNzJLVHNlbTQyU3ZMNEQ2aElHMDFwcDFueXVzMHc4cjNHclRFaEp2SFl4UU9mNXlGSFVzbk44ejg2X2E2SnI4bDF3bUJ3Nmt3UW1vTFJrRUxFbmphNA?oc=5,"Thu, 08 Jan 2026 07:50:17 GMT",ecommerce_news,google_news_rss
"For space tech startups, e-commerce imports still come with a heavy tax bill - Moneycontrol",https://news.google.com/rss/articles/CBMi1wFBVV95cUxORnVvS0tSa0FYcmxDdkNRRmhXR2lTMkRFMTRpTnYtOV9aU3kyLUt3OTZ6eFJxdmh4SGFya0t5cGktSk1PeW9oUXRocTZ1MHpoTHdZRGpXNWcwMGJXYWxtbDVCVTd6dHdhUjg5V0xPbmtra1BmXzNQaFY4LTFqOUNYazlWV0QxczZHb1R6LWFIcjVFVG5IWWZrNklpQmxybkxxbzFCMXZiUXU2RmlWX1prd05SOE9CYmp5MTFQNFB3dDFXUDhHQnJYTWYwbWtOd0hVOUE1ZzhsNNIB3AFBVV95cUxOYWp4MEJSc3k1SnVBcnl1RThoT1hfZUI2b1pCX1BZeGw0b3AzMV9fbGF2V2luc05iM29RMk9HX1M5a2FtOVV3Qm5WVkkxNWtIOExxWVhJSVdjZFd5T1oyQ0s4QUVBSzVxNDl1TVctRkRGWFBmNGZES0pUNXpqT0tjYW9HQi14Q01DUE5vZkNBYnhYbTZReVdpZFl4YUo0TzFEZURmVGF5QkVBT1ItUXQ2Wnp2ck0wVmxFTDJ5MHoxYzJjQnE3NjJZTlJsSWEwYnFEMm4wZDU3YUt6N2E0?oc=5,"Thu, 08 Jan 2026 06:29:18 GMT",ecommerce_news,google_news_rss
Vietnam E-Commerce Growth: Key Findings from the 2025 E-Business Index - Vietnam Briefing,https://news.google.com/rss/articles/CBMiswFBVV95cUxPa1dLamxYUVFtV0t3SmZkWkpXakJ0cGV5cXViQVJDZkMyZXU4SVR0UTlxUUVWZDVKOWFwM3FjRk54QWJqc1pZOTctNkZoTERxRHhjSmdyOTlidm84eUh1VFlTV3BkWDF0THE3Ymx4TEpSRG9ycmRPalpOUFQwcngtMHVPdmNvWi1GcThmem53Y1lHdGNsbl85aDNESldOM2g2YmZ5TzlTbEJMdXdLUlFTMGZFNA?oc=5,"Tue, 06 Jan 2026 12:59:13 GMT",ecommerce_news,google_news_rss
"PN Gadgil Q3 biz update | Biggest single-day festive gain on Dhanteras, e-commerce operations surge 138% - CNBC TV18",https://news.google.com/rss/articles/CBMitwFBVV95cUxNbTZsN0tRSHotNnduZWpJSUU1S19UU09ZTDZ6MC1VcEtEY1h3RkU0MGRpdmhWaHBvS1JhbDlITlVpa1hkdWRFVVBPWjVGYldiZnpTT3MtWFhaWk85RS1oblFLODAzVVd4RlRtRWl3Q3FhRmtHb2ZnSkI3M2cwUUNIVlUxMl80cEtGaHNLR0xPNzRKRzFVOW1mbFgzdXhiQVpyOWcyX2tfbUNOZzlZUUV3eVNYaUp4ZlHSAbwBQVVfeXFMTUtsUFBwUEtCRTUzOXJZcHhYTUpoZUlaQW1iOVBlWWNNNER3dDJvZ2FFR2N5TGVvSUF4UnE2QUpFX1lHMVV3RnVWZXpCdG1OQ0RhWXpGZEpVbjdINHREd1FzQmpzV0d5RmlHOXBKQllfZG1LUkY3SHJobUxQeUJ3TVh2VmJZWDVLem4zM0JoR3V0VXlKY290ak1uTmgzR2hRbDRaRE9aa0syZ0ppR0phWTktYmRFaVNGc2E4S24?oc=5,"Thu, 08 Jan 2026 07:48:55 GMT",ecommerce_news,google_news_rss
"Amazon | E-commerce, Amazon Web Services, History, & Facts | Britannica Money - Britannica",https://news.google.com/rss/articles/CBMiVEFVX3lxTE1tcl9ud3kxbHlhSERRUGRJNG9NNU53VWdRa2tOQWJqUUl1aFM0WEIwTmVIQ0tWSFpVaklpa25XWEFvaXJ0VGk5NVNHSjRkR0FlNHJRYQ?oc=5,"Mon, 05 Jan 2026 05:14:00 GMT",ecommerce_news,google_news_rss
E-commerce firm Swap raises $100m in Series C round - FinTech Global,https://news.google.com/rss/articles/CBMijgFBVV95cUxQVWZpNENWRENrVjF1X3ZQMU9oQnhjY2ZoZ0ZONFN5ZzFNald2eHEzckdwcmJ0eDNmUXZMRmhrNk1lX1hCdjhkNmV3TFVoS2JSdGZnakdrNnEzdFg2bVp5T3hkaXljU0RPRTR1cXpaYkpSbGMtMUVaYU9xbVlrYlM1czFJc19KakdKS0lBUTZB?oc=5,"Thu, 08 Jan 2026 09:43:58 GMT",ecommerce_news,google_news_rss
22 Profitable Ecommerce Business Ideas: How To Start in 2026 - Shopify,https://news.google.com/rss/articles/CBMipAFBVV95cUxNVERBRnJ0VUlRS3Q5cENjRmtBd2lCRm12VHRfeHNCSU9FV2E4cTdyQV80bTZMV2MtX19ubXBtalRfYlVCTjZtRUFlVWZOVU5XZHpCdmdMbng3bjFQMVdiZGJ0TWtWMFhyZDJDdlJyUEZFc00tcVNJal9CUEJqc0tMa2Rvanh0VEgyME1yZHBuQWU5ME9jT1ZTd19LdkFvUXdQRnE0Sw?oc=5,"Tue, 23 Dec 2025 08:00:00 GMT",ecommerce_news,google_news_rss
What Is B2B Ecommerce? Examples and How To Start (2025) - Shopify,https://news.google.com/rss/articles/CBMiY0FVX3lxTE5OemlRMUtUQVN3LWdMMEtTODNHMlZRaU1vMkgtVkpjQ1RBbXd5SHk4RWU2cXQyaHIzSGpRZDdoWDI0OVd1SHZLTDJfR2RTdVNJN3hGYTVmMGxzV2I4TzJkNzhjOA?oc=5,"Tue, 09 Sep 2025 07:00:00 GMT",ecommerce_news,google_news_rss
25+ Profitable eCommerce Business Ideas to Start in 2026 - appinventiv.com,https://news.google.com/rss/articles/CBMiZEFVX3lxTE02RjVyaHg5X0RTVFpOVm1ZTjdwY3lMdEtzM1FZU0cxTTN2U2xRZUJIRmZDRTgzZ0tyZE10bkZ6S0RwNmIxS2phS0s2eXFLWl9RLVhMQy1HalkwRDZNUEZXMnB5R2k?oc=5,"Fri, 14 Nov 2025 08:00:00 GMT",ecommerce_news,google_news_rss
Who is Megha Agarwal? Meesho executive with Rs. 2.29 crore pay steps down - StoryBoard 18,https://news.google.com/rss/articles/CBMiwAFBVV95cUxNS0pHdS1mNjBVdV9DQjlzUklzdDU3NTJrdGFnbkg1bmc5UGgzYlFCOEJkVDktRENDM3hTSTdOWi1NbXJKckpJYkxhTEhncFRyOHRHTFpOMTRuUjhLTzBTeGkxTC1xYndfQ3dnNEtnTzhuZThfX2xZSHAzMnhtMHB4NHVHNmdIM0VUQWFDRFRQVmxyS0tjOTAwT0Z4QTY5SEJXNUo5X183SWZwdnlYT2MtSXBVVmhIRTBkRE5MSmg4NF_SAcYBQVVfeXFMTWRReEFVa0JfUkZNWC0xc3UxbWE1NEdZS3BjbEozVENzcC1DemdjZk9VTWduRWRVOGtTLWIxU2VsM0F2LXh5ZV9mV2RBOWEwUUQxUWNES3pyUWptZFBiNHNLWTVVaTNCT0pDcHVCUHcwT2pzcHEweUJoTXYyQ2NzcVZxWG1LUm5xOVYxQ3Zxa001UlQxSTFlQXJpMUc0cnpFbXYwcHpiRndGdUZzX1ptZUNzTWQ5aFM0NEF3bTRTUmdDNERickZB?oc=5,"Thu, 08 Jan 2026 12:16:50 GMT",ecommerce_news,google_news_rss
A teenage entrepreneur who does 6-figures in sales explains how anyone can start an e-commerce business with a 3D printer and a couple of hundred dollars - Business Insider,https://news.google.com/rss/articles/CBMiowFBVV95cUxPZHZocEhzQllMRE1XZC1qS2RlX29waTRQX2w1ajYwcm1xdVFDVzljWU8waVJmUldwZXBTQW9EcEFxYUN3clEydWo1Y0djbkVTSkJRZ0kybE5aQXZ2UVlrdmFoS21XZXBkcGJIb1JfOVlEVUp4a1RuNU5sTHN6ZTZBYjBZM3UteDR3cVlTT05weERNNWJKUkM3ZDFwMzJmVDF0NE9R?oc=5,"Thu, 18 Dec 2025 08:00:00 GMT",ecommerce_news,google_news_rss
3 Ways E-commerce Fulfillment Culture Is Reshaping Creative Commerce - freeyork,https://news.google.com/rss/articles/CBMioAFBVV95cUxQdDlMU1BmSE1LOUFmZlp3dTBqUUJTbXRIb3dyd2FfUzVRdWoyS3pPR05YSG9XZDhDRFlFRkI4RUMteVQtQ0VnZVA2emtuWE5QN2VNUmczbDg2eUw2V1U0VmRIRjZvLWZxWkV4YWJPRnBPV2VFdnJWc0dwYU1ZZ1ItMmE5YzVPQnZSbXE1X0NLUnRfR3BQYVFUdlJxWkhEUm1U?oc=5,"Thu, 08 Jan 2026 12:57:56 GMT",ecommerce_news,google_news_rss
